{
    "eval_loss": 2.8402276039123535,
    "eval_model_preparation_time": 0.0057,
    "eval_top1_acc": 0.6,
    "eval_top5_acc": 0.8,
    "eval_top10_acc": 0.9,
    "eval_top15_acc": 0.9333333333333333,
    "eval_top20_acc": 0.9666666666666667,
    "eval_top25_acc": 0.9666666666666667,
    "eval_top30_acc": 0.9666666666666667,
    "eval_top35_acc": 0.9666666666666667,
    "eval_top40_acc": 0.9666666666666667,
    "eval_top45_acc": 0.9666666666666667,
    "eval_top50_acc": 0.9666666666666667,
    "eval_runtime": 27.3665,
    "eval_samples_per_second": 0.512,
    "eval_steps_per_second": 0.256
}