{
    "eval_loss": 3.134101152420044,
    "eval_model_preparation_time": 0.0027,
    "eval_top1_acc": 0.7142857142857143,
    "eval_top5_acc": 0.7857142857142857,
    "eval_top10_acc": 0.7857142857142857,
    "eval_top15_acc": 0.7857142857142857,
    "eval_top20_acc": 0.7857142857142857,
    "eval_top25_acc": 0.7857142857142857,
    "eval_top30_acc": 0.7857142857142857,
    "eval_top35_acc": 0.7857142857142857,
    "eval_top40_acc": 0.7857142857142857,
    "eval_top45_acc": 0.7857142857142857,
    "eval_top50_acc": 0.7857142857142857,
    "eval_runtime": 13.0814,
    "eval_samples_per_second": 0.459,
    "eval_steps_per_second": 0.229
}